id,name,category
aputure-infinimat-led-clear-softbox-pack-4-x-4,"Aputure INFINIMAT LED & Clear Softbox Pack (4 x 4')",lights
godox-knowled-ms60r-rgb-led-light-4-light-kit,"Godox KNOWLED MS60R RGB LED Light (4-Light Kit)",lights
aputure-infinimat-led-with-clear-softbox-400w-control-box-pa,"Aputure INFINIMAT LED with Clear Softbox & 400W Control Box Pack (2 x 4', V-Mount)",lights
aputure-storm-80c-led-monolight-3-light-kit-us,"Aputure Storm 80c LED Monolight 3-Light Kit (US)",lights
aputure-infinimat-tunable-color-light-mat-with-inflatable-ai,"Aputure INFINIMAT Tunable Color Light Mat with Inflatable Airbag (1 x 4', V-Mount)",lights
avenger-super-wind-up-40-stand-with-braked-wheels,"Avenger Super Wind-up 40 Stand with Braked Wheels",light-accessories
aputure-mc-pro-rgb-led-light-panel-production-8-light-kit,"Aputure MC Pro RGB LED Light Panel (Production 8-Light Kit)",lights
aputure-spotlight-max-kit-with-36-lens,"Aputure Spotlight Max Kit with 36° Lens",lenses
avenger-wind-up-stand-30-with-low-base-and-braked-wheels-chr,"Avenger Wind Up Stand 30 with Low Base and Braked Wheels (Chrome-plated, 9.7')",light-accessories
avenger-wind-up-stand-26-with-braked-wheels-chrome-plated-8-,"Avenger Wind Up Stand 26 with Braked Wheels (Chrome-plated, 8.5')",light-accessories
amaran-f22c-rgb-led-flexible-light-mat-v-mount,"amaran F22c RGB LED Flexible Light Mat (V-Mount)",lights
aputure-accent-b7c-rgbww-led-8-light-kit-with-charging-case,"Aputure Accent B7C RGBWW LED 8-Light Kit with Charging Case",lights
aputure-storm-80c-blair-cg-led-monolight-us,"Aputure STORM 80c BLAIR-CG LED Monolight (US)",lights
avenger-combo-steel-stand-45-with-leveling-leg-chrome-plated,"Avenger Combo Steel Stand 45 with Leveling Leg (Chrome-plated, 14.7')",light-accessories
avenger-combo-steel-stand-35-with-leveling-leg-chrome-plated,"Avenger Combo Steel Stand 35 with Leveling Leg (Chrome-plated, 11.5')",light-accessories
aputure-spotlight-mini-36-lens-kit,"Aputure Spotlight Mini 36° Lens Kit",lenses
matthews-silent-gridcloth-lite-fabric-12-x-12,"Matthews Silent Gridcloth Lite Fabric (12 x 12')",light-accessories
avenger-c-stand-grip-arm-kit-chrome-plated-10-75,"Avenger C-Stand Grip Arm Kit (Chrome-Plated, 10.75')",light-accessories
avenger-baby-stand-17-with-leveling-leg-chrome-plated-5-75,"Avenger Baby Stand 17 with Leveling Leg (Chrome-plated, 5.75')",light-accessories
avenger-combo-steel-stand-10-with-leveling-leg-chrome-plated,"Avenger Combo Steel Stand 10 with Leveling Leg (Chrome-plated, 3.3')",light-accessories
matthews-set-of-four-apple-boxes,"Matthews Set of Four Apple Boxes",lights
avenger-c-stand-30-with-turtle-base-chrome-plated-9-8,"Avenger C-Stand 30 with Turtle Base (Chrome-plated, 9.8')",light-accessories
avenger-c-stand-40-with-turtle-base-chrome-plated-12-8,"Avenger C-Stand 40 with Turtle Base (Chrome-plated, 12.8')",light-accessories
avenger-c-stand-10-7-chrome-plated,"Avenger C-Stand (10.7', Chrome-plated)",light-accessories
aputure-mt-pro-rgb-led-tube-light,"Aputure MT Pro RGB LED Tube Light",lights
avenger-a2018f-c-stand-chrome-plated-5-7,"Avenger A2018F C-Stand (Chrome-plated, 5.7')",light-accessories
trp-worldwide-ultrabounce-black-white-8-x-8,"TRP WORLDWIDE ULTRABOUNCE (Black/White, 8 x 8')",light-accessories
matthews-8x8-overhead-fabric-bleached-muslin,"Matthews 8x8' Overhead Fabric - Bleached Muslin",light-accessories
matthews-mini-matthpole-black,"Matthews Mini Matthpole - Black",light-accessories
kupo-apple-box-set-4,"Kupo Apple Box Set (4)",light-accessories
matthews-c-clamp-2-baby-pins-8,"Matthews C - Clamp, 2 Baby Pins - 8""",light-accessories
matthews-8x8-overhead-fabric-white-1-4-stop-silk,"Matthews 8x8' Overhead Fabric - White 1/4 Stop Silk",light-accessories
amaran-ace-25c-rgb-led-light-panel-all-in-one-creator-kit-ch,"amaran Ace 25c RGB LED Light Panel All-in-One Creator Kit (Charcoal)",lights
matthews-matthpole-black,"Matthews Matthpole - Black",light-accessories
amaran-ace-25c-rgb-led-light-panel,"amaran Ace 25c RGB LED Light Panel",lights
aputure-quick-dome-40-for-storm-80c,"Aputure Quick Dome 40 for STORM 80c",lights
cargo-van-jmc,"Cargo Van JMC",lights
matthews-big-ben-clamp,"Matthews Big Ben Clamp",light-accessories
matthews-vise-grip-plier,"Matthews Vise Grip Plier",light-accessories
matthews-myway-matthellini-2-end-jaw-silver,"Matthews MyWay Matthellini 2"" End Jaw (Silver)",lights
matthews-right-angle-baby-pin-adapter,"Matthews Right Angle Baby Pin Adapter",light-accessories
matthews-baby-grid-clamp,"Matthews Baby Grid Clamp",light-accessories
avenger-mp-eye-coupler-with-lifting-ring,"Avenger MP Eye Coupler with Lifting Ring",light-accessories
impact-2-steel-spring-a-clamp-kit-red-20-pack,"Impact 2"" Steel Spring A-Clamp Kit (Red, 20-Pack)",light-accessories
matthews-open-end-scrim-12x18-white-artificial,"Matthews Open End Scrim - 12x18"" - White Artificial",light-accessories
matthews-super-mafer-clamp-with-baby-5-8-pin,"Matthews Super Mafer Clamp with Baby (5/8"") Pin",light-accessories
matthews-super-mafer-clamp-with-5-8-snap-in-pin-kit,"Matthews Super Mafer Clamp with 5/8"" Snap-In Pin Kit",light-accessories
impact-3-center-jaw-vise-grip,"Impact 3"" Center Jaw Vise Grip",light-accessories
matthews-hollywood-grip-head-2-1-2,"Matthews Hollywood Grip Head - 2-1/2""",light-accessories
avenger-c4462-mp-coupler-with-5-8-16-mm-spigot,"Avenger C4462 MP Coupler with 5/8"" (16 mm) Spigot",light-accessories
matthews-stainless-steel-diffusion-3-set-of-5,"Matthews Stainless Steel Diffusion - 3"" Set of 5",light-accessories
aputure-baby-pin-adapter-to-back-clamp-for-mt-pro-1,"Aputure Baby Pin Adapter to Back Clamp for MT Pro-1",light-accessories
aputure-1-4-20-screw-adapter-absorption-part-for-mt-pro-1,"Aputure 1/4""-20 Screw Adapter Absorption Part for MT Pro-1",lights
aputure-universal-magic-arm,"Aputure Universal Magic Arm",light-accessories
impact-filled-saddle-sandbag-15-lb-black,"Impact Filled Saddle Sandbag (15 lb, Black)",light-accessories
kupo-stand-adapter-junior-1-1-8-stud-to-baby-5-8-stud,"Kupo Stand Adapter, Junior 1-1/8"" Stud to Baby 5/8"" Stud",light-accessories
aputure-waterproof-pouch-for-mt-pro-1,"Aputure Waterproof Pouch for MT Pro-1",lights
impact-small-clip-clamp-with-rubber-rivet-jaw,"Impact Small Clip Clamp with Rubber Rivet Jaw",light-accessories
impact-6-baby-pin-wall-plate,"Impact 6"" Baby Pin Wall Plate",light-accessories
sigma-14mm-f-1-8-dg-hsm-art-lens-sony-e,"Sigma 14mm f/1.8 DG HSM Art Lens (Sony E)",lenses
impact-3-baby-pin-wall-plate,"Impact 3"" Baby Pin Wall Plate",light-accessories
amaran-ace-30-light-control-grid,"amaran Ace 30° Light Control Grid",lights
impact-safety-cable-32,"Impact Safety Cable (32"")",light-accessories
impact-safety-cable-18,"Impact Safety Cable (18"")",light-accessories
avenger-a8030cs-junior-offset-low-boy-stand-chrome-plated-10,"Avenger A8030CS Junior Offset Low Boy Stand (Chrome-plated, 10')",light-accessories
kupo-ks-403tbk-tank-stand-370-black,"KUPO KS-403TBK TANK STAND 370 Black",light-accessories
kupo-c-stand-complete-kit,"KUPO C-Stand Complete Kit",light-accessories
aputure-mount-lantern-120,"Aputure Mount Lantern 120",light-accessories
tilta-camera-cage-for-sony-fx6,"Tilta Camera Cage for Sony FX6",camera
anton-bauer-titon-base-90-v-mount-battery,"Anton Bauer Titon Base 90 V-Mount Battery",camera
smallrig-v-mount-battery-quick-release-plate,"SmallRig V-Mount Battery Quick Release Plate",camera
wooden-camera-shoulder-rig-kit,"Wooden Camera Shoulder Rig Kit",camera
sachtler-flowtech-75-ms-carbon-fiber-tripod,"Sachtler Flowtech 75 MS Carbon Fiber Tripod",camera
sachtler-video-18-s2-fluid-head,"Sachtler Video 18 S2 Fluid Head",camera
smallhd-focus-oled-monitor-5-5,"SmallHD FOCUS OLED Monitor (5.5"")",camera
